eval_loss,eval_acc,time,train_loss,train_time,qtty_records
2.280480674328457,0.1781752773058859,26.672738075256348,1.903025119885476,5.460644368548674,20
2.125040912023668,0.24033176776256623,33.2487268447876,1.674343301198682,2.1910687281510035,20
1.9904054781054814,0.28979714200059953,39.852253437042236,1.5321394358896794,2.1916437428481004,20
1.904735401347936,0.3225741980613571,46.34973382949829,1.4551753544634813,2.1890776578497024,20
1.8260820116766439,0.3456580393724393,52.902177572250366,1.39358363490585,2.1796370749994822,20
1.752851220959203,0.3672429299490357,59.52259182929993,1.3378106026149552,2.1847813197498906,20
1.6955547195607859,0.38652942939942037,66.12015128135681,1.2902687332899658,2.1845946276487664,20
1.6454149370856548,0.40341760767462775,72.68493628501892,1.2511095176226248,2.187608022603672,20
1.6026178416869037,0.42030578594983514,79.28189420700073,1.2189101731311327,2.179083015248034,20
1.5706176671512924,0.4304986509443389,85.840407371521,1.191669396161181,2.196877976401447,20
1.5418912198488754,0.4384930548615969,92.45276236534119,1.1669771112781189,2.1901727723488875,20
1.5175664542979073,0.4492855001498951,98.98860573768616,1.146241709264934,2.18926928180299,20
1.4942546365469458,0.45767962426301584,105.54098415374756,1.1271215673897537,2.1795029817491014,20
1.473336507348198,0.4636754272009593,112.15854549407959,1.109010894943773,2.185567525000806,20
1.4531448440417627,0.4700709503347657,118.76615858078003,1.0927279818327673,2.192377424550796,20
1.4367251986666616,0.4766663335665035,125.36583542823792,1.0778545144768132,2.1641926693497227,20
1.4203785922928598,0.482961926651344,131.98923325538635,1.0640736394342696,2.166528622100304,20
1.4058118433836295,0.4874587788548016,138.57238340377808,1.051661702229164,2.182720860949485,20
1.3922710140884687,0.49155591086239625,145.18526363372803,1.0395225316568075,2.1886232589007704,20
1.3796367423428793,0.49955031477965417,151.78431248664856,1.0281216829371558,2.1653082356991944,20
1.36789000763302,0.5045468172279405,158.3960223197937,1.0172351565957591,2.182848119001574,20
1.3558788601336806,0.508344159088638,165.00671100616455,1.0070973018932021,2.175892077701428,20
1.3444924523674218,0.5123413610472669,171.61151099205017,0.9968816284736826,2.1676637052500154,20
1.3338755410844634,0.5160387728589987,178.2136914730072,0.9863055603537569,2.147807983849634,20
1.322271828286751,0.5191366043769361,184.85727977752686,0.97591624304145,2.1834532599015803,20
1.3103967298425283,0.522434295992805,191.4182538986206,0.9654626402729733,2.1477946945997246,20
1.2990011535854435,0.5280303787348857,197.9489996433258,0.9558513034915989,2.1386079032497944,20
1.2875815523743706,0.5311282102528231,204.51698398590088,0.9457687367250873,2.180748481799674,20
1.2781314957180607,0.5351254122114519,211.1532859802246,0.9365062127993702,2.1716057685509442,20
1.2666016549456909,0.5424203057859499,217.74971222877502,0.9273453604441405,2.2031595703003406,20
1.2549009625122494,0.5459178574997503,224.33777356147766,0.9178431619978744,2.1682444177989963,20
1.2464793440121533,0.549615269311482,230.88444638252258,0.9087343158076437,2.19059148109809,20
1.238018178436129,0.5546117717597683,237.44901967048645,0.9016418026667112,2.181609803001629,20
1.227690281552984,0.5564105126411512,244.08063554763794,0.8942272024785156,2.169460047499888,20
1.2211345892196923,0.561207154991506,250.58784651756287,0.8873673516568847,2.189715872148372,20
1.2126957906328908,0.5636054761666833,257.08697533607483,0.8799993476599044,2.197870485751628,20
1.202047018911433,0.5675027480763466,263.65057730674744,0.8726530691076655,2.168364196497714,20
1.1953145468744726,0.568102328370141,270.23833441734314,0.8635430889283678,2.157817829649139,20
1.1893197553213746,0.5732986909163585,276.83491563796997,0.8561507865146406,2.1915869578479032,20
1.182370141854921,0.5755970820425702,283.4421877861023,0.8508164926728029,2.168869094899128,20
1.1753716915901686,0.5786949135605076,289.9702866077423,0.8423446926563887,2.1819576734989825,20
1.17060918752846,0.5812930948336166,296.55354833602905,0.8358128503790743,2.1789111455509556,20
1.1626799304902957,0.5857899470370741,303.1448209285736,0.8284042749421463,2.169361261250015,20
1.1583437717941443,0.5860897371839713,309.76289200782776,0.8209123659521409,2.1726678370498123,20
1.1512790692205974,0.5900869391426001,316.3514244556427,0.8135416793093435,2.16408426499911,20
1.1449340052325014,0.5906865194363945,322.9493281841278,0.807127848631702,2.1571435101985115,20
1.1396637669766139,0.5911861696812232,329.5509705543518,0.8001004904119531,2.1720994836003227,20
1.1329549337343545,0.5949835115419206,336.17895221710205,0.7954062202049706,2.192630555850337,20
1.1299308442135059,0.5973818327170981,342.6701798439026,0.7879172403008708,2.19159917759971,20
1.1235076558841595,0.5971819726191666,349.1627221107483,0.782061378825437,2.167422517900559,20
