round,eval_loss_mean,eval_loss_std,eval_acc_mean,eval_acc_std,time_mean,time_std,train_loss_mean,train_loss_std,train_time_mean,train_time_std,qtty_records_mean,qtty_records_std
1,2.101082891381863,0.09944347747761645,0.34943371085942704,0.15429708265516395,27.29918031692505,0.4156858408655681,0.9560410201655507,0.03890639478241095,5.197236311330755,0.17597949723044196,18.2,0.44721359549995815
2,0.7867305728142515,0.09058410304862745,0.8894237175216523,0.011983674654700559,29.812220525741576,1.8772725370705585,0.5862745242325977,0.029321346203606505,1.7434081457885138,0.15042582434600132,18.0,0.0
3,0.299973911190756,0.026840241479703902,0.9389740173217854,0.006511238793617196,33.62365121841431,0.7683403042326201,0.31880057895823244,0.017530971357924734,1.24157801247792,0.020144115761692415,18.0,0.0
4,0.14842419528019493,0.013342541088213755,0.9610259826782144,0.0036910959713825475,36.20365514755249,1.8297750178032754,0.2028919232001226,0.006218810885253215,1.3024065604996091,0.028837048566107304,18.0,0.0
5,0.12102116091135325,0.007514963664891287,0.9667055296469019,0.001828701932285714,39.739828205108644,0.9040579074631573,0.14369528089715514,0.004003335397605318,1.2729042524555958,0.05620843931042583,18.0,0.0
6,0.1046213667519498,0.011860554524845728,0.970919387075283,0.0031223072909302247,42.559546279907224,1.88791732531197,0.13038968702199422,0.008936004533664759,1.3001058063335627,0.016606881277467157,18.0,0.0
7,0.08964998713052218,0.010647279896943581,0.9743004663557627,0.0024750469178409008,45.89220008850098,1.1376199641519622,0.10757021713518611,0.005955955886582238,1.271911960633588,0.04594090763236506,18.0,0.0
8,0.08336905226139099,0.006870978246874526,0.9758494337108594,0.0016519682232576456,48.934511280059816,1.9629617477320982,0.10433143328838732,0.007905713660397468,1.2605700361223877,0.020387335482878848,18.0,0.0
9,0.07770521989058315,0.008284209330003692,0.9775483011325784,0.001929459088284515,52.03665156364441,1.3769190210634592,0.08804690190619172,0.005843313579166555,1.279998945311187,0.03241407841761309,18.0,0.0
10,0.0743845817513918,0.010101696278295682,0.9783311125916055,0.0024502648476106077,55.257713317871094,1.9706137493891673,0.0883283872511331,0.007412722455002836,1.2954791017665734,0.01377025472185551,18.0,0.0
11,0.06945016058063891,0.009525310893164215,0.9797468354430379,0.0025152106004707065,58.14264969825744,1.442302199527503,0.07908551868486587,0.006517811536920691,1.2753484024670292,0.02217548137886616,18.0,0.0
12,0.06739145371519359,0.008557716643004174,0.9801798800799466,0.0024676103247882803,61.59758291244507,1.948193718800005,0.0785154920436214,0.007646699738461269,1.2907855011994092,0.01117100787680358,18.0,0.0
13,0.06325687113245078,0.008072935796145361,0.9815123251165889,0.002177997473454662,64.23241314888,1.5309975233338735,0.07003470840976728,0.0065501239361195574,1.274958206266779,0.02674372236162451,18.0,0.0
14,0.060750733183164596,0.007158845937816492,0.9818454363757494,0.0017636424537431261,67.92625007629394,1.9545698435818573,0.06916856709703456,0.006062709770906479,1.272411639789223,0.02895534099852573,18.0,0.0
15,0.0568822082800899,0.008561970375311931,0.9834110592938042,0.002008532450210961,70.36938605308532,1.6430931422928117,0.06159470399318564,0.005245605700052297,1.285880660844446,0.04787707623843532,18.0,0.0
16,0.056080441335693496,0.009174067168836607,0.9835443037974685,0.0023426095187592554,74.28235092163087,2.0314369323984507,0.06312255909104522,0.006574254273663502,1.2789064776885626,0.031205189110435398,18.0,0.0
17,0.053173768954898205,0.007693120390540232,0.9847268487674883,0.002009568043190197,76.5450086593628,1.8737757441909522,0.052854223302600846,0.005218944201429657,1.2911627084003057,0.05214866253275913,18.0,0.0
18,0.05197429949273684,0.0077542445883678705,0.98454363757495,0.0019729988943359734,80.62877979278565,2.041768128394334,0.05383666066680152,0.005832499527909571,1.2791792574223817,0.01662536011952932,18.0,0.0
19,0.05069916485915312,0.007799164844055036,0.9846935376415722,0.0020831109328941426,82.73927245140075,1.8763545044041319,0.04650930208342308,0.004764223680626233,1.2805585893890465,0.03043509591884854,18.0,0.0
20,0.04808061530912544,0.007362778194542342,0.9858760826115922,0.0014383214175992926,87.00221371650696,2.000027291915677,0.04735749405826266,0.0036668534924272035,1.2870008403998832,0.027321235753732093,18.0,0.0
21,0.050342398206453344,0.009909929699122121,0.9856262491672219,0.002363241858018055,88.90979962348938,1.9692266867520931,0.044061339665565843,0.003564746604076552,1.3003519075334125,0.052142952366968275,18.0,0.0
22,0.04659234357753774,0.008009961767608913,0.986242504996669,0.0017462545615134217,93.39034266471863,1.9761992714177978,0.045330427096875105,0.004051562570535011,1.2914651848332142,0.014536666696634597,18.0,0.0
23,0.04471159495692682,0.007287560847675747,0.9866755496335775,0.0020253808306154486,95.20342984199524,1.9587178263921607,0.040093469363929955,0.0038833720793548655,1.3087535271109825,0.011335203838585632,18.0,0.0
24,0.04454157785287636,0.008523243802584884,0.9867421718854097,0.0018615898204974856,99.74799361228943,1.9436745315908097,0.0410476708027867,0.005307176900026372,1.2790699857553893,0.013599140603476825,18.0,0.0
25,0.04183276193178952,0.00913966280215988,0.9876415722851432,0.0025001381452564257,106.1087212562561,1.92724952951912,0.04109533624860408,0.002586365471147199,1.753039240689977,0.023772666526406448,20.0,0.0
